RESID_I	RESNAME_I	ATOMNAME_I	RESID_J	RESNAME_J	ATOMNAME_J	dataset	label	D_exp	D_pred	D_calc	L
18	G	C1'	18	G	H1'	set_B	G18_C1'-H1'	-22.5	-30.114145	-23.014771	0.764251
20	A	C8	20	A	H8	set_B	A20_C8-H8	11.4	8.275805	6.324794	0.764251
20	A	C2	20	A	H2	set_B	A20_C2-H2	9.85	9.37497	7.164832	0.764251
20	A	C1'	20	A	H1'	set_B	A20_C1'-H1'	-8.6	-15.03838	-11.4931	0.764251
20	A	C3'	20	A	H3'	set_B	A20_C3'-H3'	-4.9	-7.700235	-5.884914	0.764251
21	G	C1'	21	G	H1'	set_B	G21_C1'-H1'	-2.15	-3.28287	-2.508937	0.764251
21	G	C8	21	G	H8	set_B	G21_C8-H8	7.8	6.824025	5.215269	0.764251
40	U	C1'	40	U	H1'	set_B	U40_C1'-H1'	-3.8	-1.639575	-1.253047	0.764251
41	C	C5	41	C	H5	set_B	C41_C5-H5	12.1	14.94661	11.422964	0.764251
42	U	C5	42	U	C6	set_B	U42_C5-C6	1	0.93616	0.715461	0.764251
43	G	C1'	43	G	H1'	set_B	G43_C1'-H1'	10.7	17.93215	13.704667	0.764251
43	G	C8	43	G	H8	set_B	G43_C8-H8	10.15	8.19245	6.26109	0.764251
23	U	C2'	23	U	H2'	set_B	U23_C2'-H2'	-1.4	0.40437	0.30904	0.764251
23	U	C4'	23	U	H4'	set_B	U23_C4'-H4'	7.6	8.72091	6.664966	0.764251
23	U	C5	23	U	C6	set_B	U23_C5-C6	0.8	0.235015	0.17961	0.764251
23	U	C6	23	U	H6	set_B	U23_C6-H6	10.2	13.667365	10.4453	0.764251
24	C	C2'	24	C	H2'	set_B	C24_C2'-H2'	3.8	7.165745	5.476429	0.764251
24	C	C4'	24	C	H4'	set_B	C24_C4'-H4'	3.3	4.944725	3.779012	0.764251
24	C	C5	24	C	H5	set_B	C24_C5-H5	-1.4	1.162915	0.888759	0.764251
25	U	C4'	25	U	H4'	set_B	U25_C4'-H4'	2.4	3.576655	2.733463	0.764251
25	U	C5	25	U	C6	set_B	U25_C5-C6	1.2	0.78	0.596116	0.764251
25	U	C5	25	U	H5	set_B	U25_C5-H5	4.6	3.92556	3.000114	0.764251
26	G	C1'	26	G	H1'	set_B	G26_C1'-H1'	-19.7	-31.05515	-23.733935	0.764251
26	G	C3'	26	G	H3'	set_B	G26_C3'-H3'	3	1.53654	1.174303	0.764251
26	G	C8	26	G	H8	set_B	G26_C8-H8	17.2	21.26789	16.25401	0.764251
27	A	C1'	27	A	H1'	set_B	A27_C1'-H1'	-15.6	-18.565055	-14.188365	0.764251
27	A	C8	27	A	H8	set_B	A27_C8-H8	19.7	22.18813	16.957305	0.764251
27	A	C2	27	A	H2	set_B	A27_C2-H2	17.2	22.499165	17.195014	0.764251
28	G	C8	28	G	H8	set_B	G28_C8-H8	15.9	22.107425	16.895626	0.764251
28	G	C1'	28	G	H1'	set_B	G28_C1'-H1'	-8.7	-11.89717	-9.092426	0.764251
37	C	C1'	37	C	H1'	set_B	C37_C1'-H1'	-9.8	-7.175285	-5.48372	0.764251
37	C	C5	37	C	C6	set_B	C37_C5-C6	3.2	2.21085	1.689645	0.764251
38	U	C1'	38	U	H1'	set_B	U38_C1'-H1'	-1.8	0.097305	0.074365	0.764251
39	C	C5	39	C	H5	set_B	C39_C5-H5	17	21.9611	16.783797	0.764251
39	C	C5	39	C	C6	set_B	C39_C5-C6	1.8	1.93201	1.476541	0.764251
18	G	C8	18	G	H8	set_B	G18_C8-H8	5.9	26.369365	7.179057	0.27225
18	G	C1'	18	G	H1'	set_B	G18_C1'-H1'	-22.3	-77.79447	-21.179538	0.27225
19	C	C6	19	C	H6	set_B	C19_C6-H6	13.4	35.457675	9.653349	0.27225
20	A	C2	20	A	H2	set_B	A20_C2-H2	15.1	40.87366	11.127851	0.27225
20	A	C8	20	A	H8	set_B	A20_C8-H8	4	22.663775	6.170211	0.27225
21	G	C8	21	G	H8	set_B	G21_C8-H8	-2.1	2.67265	0.727629	0.27225
21	G	C1'	21	G	H1'	set_B	G21_C1'-H1'	5.2	-4.044925	-1.10123	0.27225
21	G	N1	21	G	H1	set_B	G21_N1-H1	3.8	2.347095	0.638996	0.27225
22	A	C2	22	A	H2	set_B	A22_C2-H2	-3.5	0.301765	0.082155	0.27225
22	A	C8	22	A	H8	set_B	A22_C8-H8	0.1	8.33054	2.267989	0.27225
23	U	C5	23	U	H5	set_B	U23_C5-H5	-11.2	-26.047785	-7.091507	0.27225
23	U	C6	23	U	H6	set_B	U23_C6-H6	9.7	37.07798	10.094477	0.27225
23	U	C1'	23	U	H1'	set_B	U23_C1'-H1'	2.3	19.14357	5.211835	0.27225
24	C	C5	24	C	H5	set_B	C24_C5-H5	5	7.11603	1.937339	0.27225
24	C	C6	24	C	H6	set_B	C24_C6-H6	12.7	35.45553	9.652765	0.27225
25	U	C5	25	U	H5	set_B	U25_C5-H5	10.1	32.37992	8.815431	0.27225
25	U	C6	25	U	H6	set_B	U25_C6-H6	14.2	51.04515	13.897038	0.27225
25	U	C1'	25	U	H1'	set_B	U25_C1'-H1'	-11.7	-41.73149	-11.361395	0.27225
26	G	C8	26	G	H8	set_B	G26_C8-H8	22.7	73.548055	20.023452	0.27225
27	A	C2	27	A	H2	set_B	A27_C2-H2	25	78.690345	21.42344	0.27225
27	A	C8	27	A	H8	set_B	A27_C8-H8	23.5	72.858525	19.835727	0.27225
28	G	C8	28	G	H8	set_B	G28_C8-H8	16.8	71.18807	19.380946	0.27225
38	U	C5	38	U	H5	set_B	U38_C5-H5	21.2	79.45626	21.63196	0.27225
39	C	C5	39	C	H5	set_B	C39_C5-H5	23.7	75.284225	20.496124	0.27225
39	C	C1'	39	C	H1'	set_B	C39_C1'-H1'	-13.4	-54.35678	-14.798629	0.27225
40	U	C5	40	U	H5	set_B	U40_C5-H5	17.2	58.73678	15.991084	0.27225
40	U	C1'	40	U	H1'	set_B	U40_C1'-H1'	-5.1	-24.04787	-6.547031	0.27225
41	C	C5	41	C	H5	set_B	C41_C5-H5	15.2	52.592985	14.318436	0.27225
41	C	C6	41	C	H6	set_B	C41_C6-H6	-3.6	15.53019	4.228093	0.27225
42	U	C5	42	U	H5	set_B	U42_C5-H5	4.9	23.745275	6.464649	0.27225
42	U	N3	42	U	H3	set_B	U42_N3-H3	1.4	4.026355	1.096175	0.27225
43	G	C8	43	G	H8	set_B	G43_C8-H8	5.9	20.000455	5.445122	0.27225
19	C	C6	19	C	H6	set_B	C19_C6-H6	31.9	24.282955	29.017844	1.194988
20	A	C2	20	A	H2	set_B	A20_C2-H2	34.3	24.98913	29.861715	1.194988
20	A	C8	20	A	H8	set_B	A20_C8-H8	26.4	20.89	24.963303	1.194988
21	G	C8	21	G	H8	set_B	G21_C8-H8	21.2	14.23194	17.007	1.194988
21	G	C1'	21	G	H1'	set_B	G21_C1'-H1'	-4.7	0.246275	0.294296	1.194988
22	A	C2	22	A	H2	set_B	A22_C2-H2	15.8	12.735715	15.219029	1.194988
22	A	C8	22	A	H8	set_B	A22_C8-H8	19.4	12.64329	15.108582	1.194988
22	A	C1'	22	A	H1'	set_B	A22_C1'-H1'	11.9	8.430365	10.074186	1.194988
23	U	C5	23	U	H5	set_B	U23_C5-H5	1.8	1.97027	2.354449	1.194988
23	U	C6	23	U	H6	set_B	U23_C6-H6	22.4	14.075365	16.819895	1.194988
23	U	C1'	23	U	H1'	set_B	U23_C1'-H1'	4.8	4.492525	5.368514	1.194988
24	C	C5	24	C	H5	set_B	C24_C5-H5	5.8	5.01976	5.998554	1.194988
24	C	C6	24	C	H6	set_B	C24_C6-H6	5.5	6.27467	7.498156	1.194988
25	U	C5	25	U	H5	set_B	U25_C5-H5	-1.5	-1.87037	-2.23507	1.194988
25	U	C6	25	U	H6	set_B	U25_C6-H6	11.2	6.77049	8.090655	1.194988
26	G	C8	26	G	H8	set_B	G26_C8-H8	25.4	15.308015	18.292897	1.194988
27	A	C2	27	A	H2	set_B	A27_C2-H2	23	18.08978	21.617073	1.194988
27	A	C8	27	A	H8	set_B	A27_C8-H8	32.2	25.328465	30.267216	1.194988
28	G	C8	28	G	H8	set_B	G28_C8-H8	33.1	28.488225	34.043092	1.194988
37	C	C5	37	C	H5	set_B	C37_C5-H5	31.1	19.96399	23.856732	1.194988
37	C	C6	37	C	H6	set_B	C37_C6-H6	31.7	26.737225	31.950668	1.194988
37	C	C1'	37	C	H1'	set_B	C37_C1'-H1'	-4	-0.040075	-0.047889	1.194988
38	U	C5	38	U	H5	set_B	U38_C5-H5	26.2	21.22285	25.361055	1.194988
38	U	C6	38	U	H6	set_B	U38_C6-H6	32.4	27.570965	32.946977	1.194988
39	C	C5	39	C	H5	set_B	C39_C5-H5	30.2	25.96975	31.033544	1.194988
40	U	C5	40	U	H5	set_B	U40_C5-H5	28.4	23.221155	27.749006	1.194988
40	U	C1'	40	U	H1'	set_B	U40_C1'-H1'	-11.9	-10.874745	-12.995192	1.194988
41	C	C5	41	C	H5	set_B	C41_C5-H5	31.3	22.320675	26.672943	1.194988
42	U	C5	42	U	H5	set_B	U42_C5-H5	23.7	16.48021	19.693656	1.194988
42	U	C1'	42	U	H1'	set_B	U42_C1'-H1'	2.8	-1.621185	-1.937297	1.194988
43	G	C8	43	G	H8	set_B	G43_C8-H8	26.8	20.171175	24.104316	1.194988
18	G	C8	18	G	H8	set_B	G18_C8-H8	29.9	59.99991	24.696378	0.411607
19	C	C5	19	C	H5	set_B	C19_C5-H5	29.9	62.81819	25.856401	0.411607
19	C	C6	19	C	H6	set_B	C19_C6-H6	27.6	60.04595	24.715328	0.411607
20	A	C2	20	A	H2	set_B	A20_C2-H2	31.7	66.302105	27.290405	0.411607
20	A	C8	20	A	H8	set_B	A20_C8-H8	24.7	62.13574	25.5755	0.411607
20	A	C1'	20	A	H1'	set_B	A20_C1'-H1'	-27	-67.169735	-27.647527	0.411607
21	G	C8	21	G	H8	set_B	G21_C8-H8	27.3	64.15941	26.408457	0.411607
21	G	C1'	21	G	H1'	set_B	G21_C1'-H1'	-35.2	-60.98377	-25.101341	0.411607
22	A	C2	22	A	H2	set_B	A22_C2-H2	28.2	58.699635	24.161175	0.411607
22	A	C8	22	A	H8	set_B	A22_C8-H8	25.5	56.591825	23.293586	0.411607
22	A	C1'	22	A	H1'	set_B	A22_C1'-H1'	-8.6	-17.149695	-7.058933	0.411607
23	U	C5	23	U	H5	set_B	U23_C5-H5	12.8	24.065765	9.905635	0.411607
23	U	C6	23	U	H6	set_B	U23_C6-H6	13.1	33.90567	13.955808	0.411607
23	U	C1'	23	U	H1'	set_B	U23_C1'-H1'	1.7	3.3413	1.375302	0.411607
24	C	C5	24	C	H5	set_B	C24_C5-H5	3.8	5.01882	2.065781	0.411607
24	C	C6	24	C	H6	set_B	C24_C6-H6	-2.9	-0.35759	-0.147187	0.411607
25	U	C5	25	U	H5	set_B	U25_C5-H5	-10.7	-25.39016	-10.450765	0.411607
25	U	C6	25	U	H6	set_B	U25_C6-H6	1.4	5.44568	2.24148	0.411607
25	U	C1'	25	U	H1'	set_B	U25_C1'-H1'	-21.6	-45.06741	-18.550057	0.411607
27	A	C2	27	A	H2	set_B	A27_C2-H2	11.5	33.384895	13.741454	0.411607
27	A	C8	27	A	H8	set_B	A27_C8-H8	21.9	49.014905	20.174874	0.411607
27	A	C1'	27	A	H1'	set_B	A27_C1'-H1'	-31.4	-62.93942	-25.9063	0.411607
28	G	C8	28	G	H8	set_B	G28_C8-H8	20.1	46.52885	19.151596	0.411607
37	C	C5	37	C	H5	set_B	C37_C5-H5	10.8	30.70081	12.636666	0.411607
38	U	C5	38	U	H5	set_B	U38_C5-H5	7.2	23.01459	9.472964	0.411607
38	U	C1'	38	U	H1'	set_B	U38_C1'-H1'	9.5	17.579875	7.235998	0.411607
39	C	C1'	39	C	H1'	set_B	C39_C1'-H1'	6	12.946845	5.329011	0.411607
40	U	C5	40	U	H5	set_B	U40_C5-H5	25	61.188385	25.185562	0.411607
40	U	C1'	40	U	H1'	set_B	U40_C1'-H1'	-5	-20.442495	-8.414272	0.411607
41	C	C5	41	C	H5	set_B	C41_C5-H5	35.3	78.29575	32.227072	0.411607
41	C	C6	41	C	H6	set_B	C41_C6-H6	23.7	63.71521	26.225621	0.411607
42	U	C5	42	U	H5	set_B	U42_C5-H5	25.4	74.24377	30.559249	0.411607
43	G	C8	43	G	H8	set_B	G43_C8-H8	21.8	61.43493	25.287042	0.411607
44	C	C5	44	C	H5	set_B	C44_C5-H5	25.1	64.440165	26.524017	0.411607
42	U	C1'	42	U	H1'	set_B	U42_C1'-H1'	-19.6	-13.55921	-5.581065	0.411607
